observed_at	temp_c	humidity_pct	dewpoint_c	pressure_hPa	wind_speed_mps	wind_gust_mps	wind_dir_deg	uv_index	solar_radiation_wm2	rain_hourly_mm	rain_hourly_in	temp_f	dewpoint_f	wind_speed_mph	wind_gust_mph
2016-04-17 00:00	19.437											66.9866			
2016-04-17 00:01	19.437											66.9866			
2016-04-17 00:02	19.437											66.9866			
2016-04-17 00:03	19.437											66.9866			
2016-04-17 00:04	19.437											66.9866			
2016-04-17 00:05	19.5											67.1			
2016-04-17 00:06	19.5											67.1			
2016-04-17 00:07	19.437											66.9866			
2016-04-17 00:08	19.562											67.2116			
2016-04-17 00:09	19.437											66.9866			
2016-04-17 00:10	19.437											66.9866			
2016-04-17 00:11	19.5											67.1			
2016-04-17 00:12	19.437											66.9866			
2016-04-17 00:13	19.375											66.875			
2016-04-17 00:14	19.437											66.9866			
2016-04-17 00:15	19.437											66.9866			
2016-04-17 00:16	19.25											66.65			
2016-04-17 00:17	19.187											66.5366			
2016-04-17 00:18	19.125											66.425			
2016-04-17 00:19	19.187											66.5366			
2016-04-17 00:20	19.25											66.65			
2016-04-17 00:21	19.25											66.65			
2016-04-17 00:22	19.25											66.65			
2016-04-17 00:23	19.187											66.5366			
2016-04-17 00:24	19.125											66.425			
2016-04-17 00:25	19.187											66.5366			
2016-04-17 00:26	19.125											66.425			
2016-04-17 00:27	19.187											66.5366			
2016-04-17 00:28	19.25											66.65			
2016-04-17 00:29	19.187											66.5366			
2016-04-17 00:30	19.187											66.5366			
2016-04-17 00:31	19.187											66.5366			
2016-04-17 00:32	19.125											66.425			
2016-04-17 00:33	19.062											66.3116			
2016-04-17 00:34	19.0											66.2			
2016-04-17 00:35	19.0											66.2			
2016-04-17 00:36	18.937											66.0866			
2016-04-17 00:37	19.0											66.2			
2016-04-17 00:38	19.125											66.425			
2016-04-17 00:39	19.125											66.425			
2016-04-17 00:40	19.125											66.425			
2016-04-17 00:41	19.062											66.3116			
2016-04-17 00:42	19.062											66.3116			
2016-04-17 00:43	19.0											66.2			
2016-04-17 00:44	18.875											65.975			
2016-04-17 00:45	18.875											65.975			
2016-04-17 00:46	18.75											65.75			
2016-04-17 00:47	18.687											65.6366			
2016-04-17 00:48	18.687											65.6366			
2016-04-17 00:49	18.812											65.8616			
2016-04-17 00:50	18.75											65.75			
2016-04-17 00:51	18.75											65.75			
2016-04-17 00:52	18.875											65.975			
2016-04-17 00:53	18.937											66.0866			
2016-04-17 00:54	18.937											66.0866			
2016-04-17 00:55	18.937											66.0866			
2016-04-17 00:56	18.875											65.975			
2016-04-17 00:57	18.875											65.975			
2016-04-17 00:58	18.875											65.975			
2016-04-17 00:59	18.875											65.975			
2016-04-17 01:00	18.75											65.75			
2016-04-17 01:01	18.687											65.6366			
2016-04-17 01:02	18.75											65.75			
2016-04-17 01:03	18.625											65.525			
2016-04-17 01:04	18.625											65.525			
2016-04-17 01:05	18.562											65.4116			
2016-04-17 01:06	18.562											65.4116			
2016-04-17 01:07	18.5											65.3			
2016-04-17 01:08	18.375											65.075			
2016-04-17 01:09	18.312											64.9616			
2016-04-17 01:10	18.312											64.9616			
2016-04-17 01:11	18.187											64.7366			
2016-04-17 01:12	18.125											64.625			
2016-04-17 01:13	18.062											64.5116			
2016-04-17 01:14	18.062											64.5116			
2016-04-17 01:15	18.062											64.5116			
2016-04-17 01:16	18.125											64.625			
2016-04-17 01:17	18.187											64.7366			
2016-04-17 01:18	18.062											64.5116			
2016-04-17 01:19	18.125											64.625			
2016-04-17 01:20	18.062											64.5116			
2016-04-17 01:21	18.125											64.625			
2016-04-17 01:22	18.125											64.625			
2016-04-17 01:23	18.062											64.5116			
2016-04-17 01:24	18.0											64.4			
2016-04-17 01:25	17.875											64.175			
2016-04-17 01:26	17.937											64.2866			
2016-04-17 01:27	17.875											64.175			
2016-04-17 01:28	17.875											64.175			
2016-04-17 01:29	17.812											64.0616			
2016-04-17 01:30	17.75											63.95			
2016-04-17 01:31	17.75											63.95			
2016-04-17 01:32	17.75											63.95			
2016-04-17 01:33	17.687											63.8366			
2016-04-17 01:34	17.625											63.725			
2016-04-17 01:35	17.812											64.0616			
2016-04-17 01:36	17.687											63.8366			
2016-04-17 01:37	17.812											64.0616			
2016-04-17 01:38	17.625											63.725			
2016-04-17 01:39	17.687											63.8366			
2016-04-17 01:40	17.562											63.6116			
2016-04-17 01:41	17.562											63.6116			
2016-04-17 01:42	17.437											63.3866			
2016-04-17 01:43	17.437											63.3866			
2016-04-17 01:44	17.5											63.5			
2016-04-17 01:45	17.562											63.6116			
2016-04-17 01:46	17.562											63.6116			
2016-04-17 01:47	17.5											63.5			
2016-04-17 01:48	17.375											63.275			
2016-04-17 01:49	17.375											63.275			
2016-04-17 01:50	17.5											63.5			
2016-04-17 01:51	17.312											63.1616			
2016-04-17 01:52	17.312											63.1616			
2016-04-17 01:53	17.375											63.275			
2016-04-17 01:54	17.375											63.275			
2016-04-17 01:55	17.375											63.275			
2016-04-17 01:56	17.25											63.05			
2016-04-17 01:57	17.312											63.1616			
2016-04-17 01:58	17.25											63.05			
2016-04-17 01:59	17.187											62.9366			
2016-04-17 02:00	17.062											62.7116			
2016-04-17 02:01	17.187											62.9366			
2016-04-17 02:02	17.062											62.7116			
2016-04-17 02:03	17.062											62.7116			
2016-04-17 02:04	17.062											62.7116			
2016-04-17 02:05	17.062											62.7116			
2016-04-17 02:06	16.937											62.4866			
2016-04-17 02:07	17.0											62.6			
2016-04-17 02:08	16.875											62.375			
2016-04-17 02:09	16.875											62.375			
2016-04-17 02:10	16.937											62.4866			
2016-04-17 02:11	16.687											62.0366			
2016-04-17 02:12	16.75											62.15			
2016-04-17 02:13	16.75											62.15			
2016-04-17 02:14	16.75											62.15			
2016-04-17 02:15	16.75											62.15			
2016-04-17 02:16	16.687											62.0366			
2016-04-17 02:17	16.75											62.15			
2016-04-17 02:18	16.875											62.375			
2016-04-17 02:19	16.812											62.2616			
2016-04-17 02:20	16.875											62.375			
2016-04-17 02:21	17.0											62.6			
2016-04-17 02:22	17.0											62.6			
2016-04-17 02:23	16.875											62.375			
2016-04-17 02:24	16.75											62.15			
2016-04-17 02:25	16.875											62.375			
2016-04-17 02:26	16.687											62.0366			
2016-04-17 02:27	16.437											61.5866			
2016-04-17 02:28	16.437											61.5866			
2016-04-17 02:29	16.312											61.3616			
2016-04-17 02:30	16.25											61.25			
2016-04-17 02:31	16.375											61.475			
2016-04-17 02:32	16.187											61.1366			
2016-04-17 02:33	16.25											61.25			
2016-04-17 02:34	16.312											61.3616			
2016-04-17 02:35	16.25											61.25			
2016-04-17 02:36	16.312											61.3616			
2016-04-17 02:37	16.437											61.5866			
2016-04-17 02:38	16.562											61.8116			
2016-04-17 02:39	16.687											62.0366			
2016-04-17 02:40	16.875											62.375			
2016-04-17 02:41	17.0											62.6			
2016-04-17 02:42	17.062											62.7116			
2016-04-17 02:43	17.25											63.05			
2016-04-17 02:44	17.25											63.05			
2016-04-17 02:45	17.187											62.9366			
2016-04-17 02:46	17.125											62.825			
2016-04-17 02:47	17.125											62.825			
2016-04-17 02:48	17.0											62.6			
2016-04-17 02:49	16.937											62.4866			
2016-04-17 02:50	16.937											62.4866			
2016-04-17 02:51	16.937											62.4866			
2016-04-17 02:52	16.937											62.4866			
2016-04-17 02:53	17.0											62.6			
2016-04-17 02:54	16.875											62.375			
2016-04-17 02:55	16.875											62.375			
2016-04-17 02:56	16.625											61.925			
2016-04-17 02:57	16.625											61.925			
2016-04-17 02:58	16.625											61.925			
2016-04-17 02:59	16.75											62.15			
2016-04-17 03:00	16.687											62.0366			
2016-04-17 03:01	16.812											62.2616			
2016-04-17 03:02	16.687											62.0366			
2016-04-17 03:03	16.5											61.7			
2016-04-17 03:04	16.312											61.3616			
2016-04-17 03:05	16.25											61.25			
2016-04-17 03:06	16.312											61.3616			
2016-04-17 03:07	16.125											61.025			
2016-04-17 03:08	16.187											61.1366			
2016-04-17 03:09	16.062											60.9116			
2016-04-17 03:10	16.0											60.8			
2016-04-17 03:11	16.062											60.9116			
2016-04-17 03:12	16.125											61.025			
2016-04-17 03:13	16.0											60.8			
2016-04-17 03:14	15.875											60.575			
2016-04-17 03:15	15.937											60.6866			
2016-04-17 03:16	15.937											60.6866			
2016-04-17 03:17	15.937											60.6866			
2016-04-17 03:18	16.0											60.8			
2016-04-17 03:19	15.937											60.6866			
2016-04-17 03:20	15.75											60.35			
2016-04-17 03:21	15.812											60.4616			
2016-04-17 03:22	15.937											60.6866			
2016-04-17 03:23	16.0											60.8			
2016-04-17 03:24	16.0											60.8			
2016-04-17 03:25	16.062											60.9116			
2016-04-17 03:26	16.0											60.8			
2016-04-17 03:27	16.0											60.8			
2016-04-17 03:28	15.75											60.35			
2016-04-17 03:29	15.625											60.125			
2016-04-17 03:30	15.687											60.2366			
2016-04-17 03:31	15.625											60.125			
2016-04-17 03:32	15.625											60.125			
2016-04-17 03:33	15.5											59.9			
2016-04-17 03:34	15.437											59.7866			
2016-04-17 03:35	15.562											60.0116			
2016-04-17 03:36	15.562											60.0116			
2016-04-17 03:37	15.687											60.2366			
2016-04-17 03:38	15.75											60.35			
2016-04-17 03:39	15.687											60.2366			
2016-04-17 03:40	15.5											59.9			
2016-04-17 03:41	15.562											60.0116			
2016-04-17 03:42	15.687											60.2366			
2016-04-17 03:43	15.625											60.125			
2016-04-17 03:44	15.687											60.2366			
2016-04-17 03:45	15.625											60.125			
2016-04-17 03:46	15.312											59.5616			
2016-04-17 03:47	15.312											59.5616			
2016-04-17 03:48	15.375											59.675			
2016-04-17 03:49	15.312											59.5616			
2016-04-17 03:50	15.187											59.3366			
2016-04-17 03:51	15.25											59.45			
2016-04-17 03:52	15.187											59.3366			
2016-04-17 03:53	15.0											59.0			
2016-04-17 03:54	15.125											59.225			
2016-04-17 03:55	15.125											59.225			
2016-04-17 03:56	15.125											59.225			
2016-04-17 03:57	15.25											59.45			
2016-04-17 03:58	15.375											59.675			
2016-04-17 03:59	15.375											59.675			
2016-04-17 04:00	15.437											59.7866			
2016-04-17 04:01	15.562											60.0116			
2016-04-17 04:02	15.75											60.35			
2016-04-17 04:03	15.812											60.4616			
2016-04-17 04:04	16.0											60.8			
2016-04-17 04:05	16.187											61.1366			
2016-04-17 04:06	16.125											61.025			
2016-04-17 04:07	16.187											61.1366			
2016-04-17 04:08	16.187											61.1366			
2016-04-17 04:09	16.125											61.025			
2016-04-17 04:10	16.125											61.025			
2016-04-17 04:11	16.25											61.25			
2016-04-17 04:12	16.312											61.3616			
2016-04-17 04:13	16.437											61.5866			
2016-04-17 04:14	16.5											61.7			
2016-04-17 04:15	16.562											61.8116			
2016-04-17 04:16	16.625											61.925			
2016-04-17 04:17	16.5											61.7			
2016-04-17 04:18	16.562											61.8116			
2016-04-17 04:19	16.687											62.0366			
2016-04-17 04:20	16.625											61.925			
2016-04-17 04:21	16.562											61.8116			
2016-04-17 04:22	16.437											61.5866			
2016-04-17 04:23	16.437											61.5866			
2016-04-17 04:24	16.5											61.7			
2016-04-17 04:25	16.625											61.925			
2016-04-17 04:26	16.5											61.7			
2016-04-17 04:27	16.562											61.8116			
2016-04-17 04:28	16.625											61.925			
2016-04-17 04:29	16.437											61.5866			
2016-04-17 04:30	16.25											61.25			
2016-04-17 04:31	16.0											60.8			
2016-04-17 04:32	16.062											60.9116			
2016-04-17 04:33	16.25											61.25			
2016-04-17 04:34	16.25											61.25			
2016-04-17 04:35	16.25											61.25			
2016-04-17 04:36	16.25											61.25			
2016-04-17 04:37	16.312											61.3616			
2016-04-17 04:38	16.25											61.25			
2016-04-17 04:39	16.312											61.3616			
2016-04-17 04:40	16.25											61.25			
2016-04-17 04:41	16.187											61.1366			
2016-04-17 04:42	16.25											61.25			
2016-04-17 04:43	16.312											61.3616			
2016-04-17 04:44	16.312											61.3616			
2016-04-17 04:45	16.25											61.25			
2016-04-17 04:46	16.312											61.3616			
2016-04-17 04:47	16.25											61.25			
2016-04-17 04:48	16.187											61.1366			
2016-04-17 04:49	16.312											61.3616			
2016-04-17 04:50	16.312											61.3616			
2016-04-17 04:51	16.25											61.25			
2016-04-17 04:52	16.5											61.7			
2016-04-17 04:53	16.437											61.5866			
2016-04-17 04:54	16.375											61.475			
2016-04-17 04:55	16.5											61.7			
2016-04-17 04:56	16.437											61.5866			
2016-04-17 04:57	16.562											61.8116			
2016-04-17 04:58	16.562											61.8116			
2016-04-17 04:59	16.625											61.925			
2016-04-17 05:00	16.562											61.8116			
2016-04-17 05:01	16.5											61.7			
2016-04-17 05:02	16.437											61.5866			
2016-04-17 05:03	16.625											61.925			
2016-04-17 05:04	16.625											61.925			
2016-04-17 05:05	16.562											61.8116			
2016-04-17 05:06	16.562											61.8116			
2016-04-17 05:07	16.562											61.8116			
2016-04-17 05:08	16.5											61.7			
2016-04-17 05:09	16.375											61.475			
2016-04-17 05:10	16.437											61.5866			
2016-04-17 05:11	16.5											61.7			
2016-04-17 05:12	16.5											61.7			
2016-04-17 05:13	16.562											61.8116			
2016-04-17 05:14	16.562											61.8116			
2016-04-17 05:15	16.5											61.7			
2016-04-17 05:16	16.437											61.5866			
2016-04-17 05:17	16.437											61.5866			
2016-04-17 05:18	16.312											61.3616			
2016-04-17 05:19	16.312											61.3616			
2016-04-17 05:20	16.187											61.1366			
2016-04-17 05:21	16.187											61.1366			
2016-04-17 05:22	16.125											61.025			
2016-04-17 05:23	16.25											61.25			
2016-04-17 05:24	16.312											61.3616			
2016-04-17 05:25	16.25											61.25			
2016-04-17 05:26	16.25											61.25			
2016-04-17 05:27	16.187											61.1366			
2016-04-17 05:28	16.187											61.1366			
2016-04-17 05:29	16.125											61.025			
2016-04-17 05:30	16.062											60.9116			
2016-04-17 05:31	16.125											61.025			
2016-04-17 05:32	16.125											61.025			
2016-04-17 05:33	16.125											61.025			
2016-04-17 05:34	16.125											61.025			
2016-04-17 05:35	16.312											61.3616			
2016-04-17 05:36	16.25											61.25			
2016-04-17 05:37	16.25											61.25			
2016-04-17 05:38	16.125											61.025			
2016-04-17 05:39	16.25											61.25			
2016-04-17 05:40	16.25											61.25			
2016-04-17 05:41	16.25											61.25			
2016-04-17 05:42	16.187											61.1366			
2016-04-17 05:43	16.125											61.025			
2016-04-17 05:44	16.125											61.025			
2016-04-17 05:45	16.312											61.3616			
2016-04-17 05:46	16.312											61.3616			
2016-04-17 05:47	16.187											61.1366			
2016-04-17 05:48	16.062											60.9116			
2016-04-17 05:49	16.062											60.9116			
2016-04-17 05:50	16.125											61.025			
2016-04-17 05:51	16.125											61.025			
2016-04-17 05:52	16.312											61.3616			
2016-04-17 05:53	16.312											61.3616			
2016-04-17 05:54	16.125											61.025			
2016-04-17 05:55	16.312											61.3616			
2016-04-17 05:56	16.187											61.1366			
2016-04-17 05:57	16.312											61.3616			
2016-04-17 05:58	16.375											61.475			
2016-04-17 05:59	16.375											61.475			
2016-04-17 06:00	16.25											61.25			
2016-04-17 06:01	16.312											61.3616			
2016-04-17 06:02	16.25											61.25			
2016-04-17 06:03	16.25											61.25			
2016-04-17 06:04	16.312											61.3616			
2016-04-17 06:05	16.437											61.5866			
2016-04-17 06:06	16.375											61.475			
2016-04-17 06:07	16.375											61.475			
2016-04-17 06:08	16.375											61.475			
2016-04-17 06:09	16.375											61.475			
2016-04-17 06:10	16.312											61.3616			
2016-04-17 06:11	16.375											61.475			
2016-04-17 06:12	16.375											61.475			
2016-04-17 06:13	16.437											61.5866			
2016-04-17 06:14	16.312											61.3616			
2016-04-17 06:15	16.375											61.475			
2016-04-17 06:16	16.375											61.475			
2016-04-17 06:17	16.375											61.475			
2016-04-17 06:18	16.375											61.475			
2016-04-17 06:19	16.312											61.3616			
2016-04-17 06:20	16.312											61.3616			
2016-04-17 06:21	16.312											61.3616			
2016-04-17 06:22	16.375											61.475			
2016-04-17 06:23	16.25											61.25			
2016-04-17 06:24	16.312											61.3616			
2016-04-17 06:25	16.312											61.3616			
2016-04-17 06:26	16.375											61.475			
2016-04-17 06:27	16.25											61.25			
2016-04-17 06:28	16.312											61.3616			
2016-04-17 06:29	16.25											61.25			
2016-04-17 06:30	16.312											61.3616			
2016-04-17 06:31	16.312											61.3616			
2016-04-17 06:32	16.437											61.5866			
2016-04-17 06:33	16.312											61.3616			
2016-04-17 06:34	16.312											61.3616			
2016-04-17 06:35	16.375											61.475			
2016-04-17 06:36	16.312											61.3616			
2016-04-17 06:37	16.312											61.3616			
2016-04-17 06:38	16.25											61.25			
2016-04-17 06:39	16.25											61.25			
2016-04-17 06:40	16.25											61.25			
2016-04-17 06:41	16.187											61.1366			
2016-04-17 06:42	16.437											61.5866			
2016-04-17 06:43	16.437											61.5866			
2016-04-17 06:44	16.437											61.5866			
2016-04-17 06:45	16.437											61.5866			
2016-04-17 06:46	16.5											61.7			
2016-04-17 06:47	16.5											61.7			
2016-04-17 06:48	16.375											61.475			
2016-04-17 06:49	16.437											61.5866			
2016-04-17 06:50	16.562											61.8116			
2016-04-17 06:51	16.562											61.8116			
2016-04-17 06:52	16.562											61.8116			
2016-04-17 06:53	16.625											61.925			
2016-04-17 06:54	16.625											61.925			
2016-04-17 06:55	16.687											62.0366			
2016-04-17 06:56	16.75											62.15			
2016-04-17 06:57	16.75											62.15			
2016-04-17 06:58	16.812											62.2616			
2016-04-17 06:59	16.75											62.15			
2016-04-17 07:00	16.875											62.375			
2016-04-17 07:01	16.875											62.375			
2016-04-17 07:02	16.875											62.375			
2016-04-17 07:03	16.937											62.4866			
2016-04-17 07:04	17.062											62.7116			
2016-04-17 07:05	17.062											62.7116			
2016-04-17 07:06	17.125											62.825			
2016-04-17 07:07	17.187											62.9366			
2016-04-17 07:08	17.25											63.05			
2016-04-17 07:09	17.25											63.05			
2016-04-17 07:10	17.375											63.275			
2016-04-17 07:11	17.437											63.3866			
2016-04-17 07:12	17.437											63.3866			
2016-04-17 07:13	17.5											63.5			
2016-04-17 07:14	17.375											63.275			
2016-04-17 07:15	17.375											63.275			
2016-04-17 07:16	17.562											63.6116			
2016-04-17 07:17	17.625											63.725			
2016-04-17 07:18	17.75											63.95			
2016-04-17 07:19	17.875											64.175			
2016-04-17 07:20	18.25											64.85			
2016-04-17 07:21	18.875											65.975			
2016-04-17 07:22	19.625											67.325			
2016-04-17 07:23	19.375											66.875			
2016-04-17 07:24	19.375											66.875			
2016-04-17 07:25	19.75											67.55			
2016-04-17 07:26	20.25											68.45			
2016-04-17 07:27	20.062											68.1116			
2016-04-17 07:28	20.5											68.9			
2016-04-17 07:29	20.125											68.225			
2016-04-17 07:30	20.687											69.2366			
2016-04-17 07:31	20.25											68.45			
2016-04-17 07:32	20.437											68.7866			
2016-04-17 07:33	21.125											70.025			
2016-04-17 07:34	20.75											69.35			
2016-04-17 07:35	20.562											69.0116			
2016-04-17 07:36	20.562											69.0116			
2016-04-17 07:37	21.25											70.25			
2016-04-17 07:38	21.25											70.25			
2016-04-17 07:39	20.875											69.575			
2016-04-17 07:40	20.75											69.35			
2016-04-17 07:41	20.812											69.4616			
2016-04-17 07:42	21.375											70.475			
2016-04-17 07:43	21.312											70.3616			
2016-04-17 07:44	21.937											71.4866			
2016-04-17 07:45	21.312											70.3616			
2016-04-17 07:46	21.937											71.4866			
2016-04-17 07:47	21.5											70.7			
2016-04-17 07:48	21.125											70.025			
2016-04-17 07:49	21.187											70.1366			
2016-04-17 07:50	21.187											70.1366			
2016-04-17 07:51	21.5											70.7			
2016-04-17 07:52	21.437											70.5866			
2016-04-17 07:53	21.125											70.025			
2016-04-17 07:54	21.875											71.375			
2016-04-17 07:55	22.125											71.825			
2016-04-17 07:56	22.5											72.5			
2016-04-17 07:57	21.812											71.2616			
2016-04-17 07:58	21.812											71.2616			
2016-04-17 07:59	22.375											72.275			
2016-04-17 08:00	21.875											71.375			
2016-04-17 08:01	22.375											72.275			
2016-04-17 08:02	22.437											72.3866			
2016-04-17 08:03	22.5											72.5			
2016-04-17 08:04	22.375											72.275			
2016-04-17 08:05	22.375											72.275			
2016-04-17 08:06	22.937											73.2866			
2016-04-17 08:07	23.062											73.5116			
2016-04-17 08:08	23.125											73.625			
2016-04-17 08:09	22.812											73.0616			
2016-04-17 08:10	22.812											73.0616			
2016-04-17 08:11	23.437											74.1866			
2016-04-17 08:12	22.875											73.175			
2016-04-17 08:13	22.812											73.0616			
2016-04-17 08:14	22.312											72.1616			
2016-04-17 08:15	22.437											72.3866			
2016-04-17 08:16	21.562											70.8116			
2016-04-17 08:17	21.375											70.475			
2016-04-17 08:18	21.937											71.4866			
2016-04-17 08:19	21.875											71.375			
2016-04-17 08:20	21.625											70.925			
2016-04-17 08:21	21.5											70.7			
2016-04-17 08:22	21.375											70.475			
2016-04-17 08:23	22.0											71.6			
2016-04-17 08:24	22.437											72.3866			
2016-04-17 08:25	22.75											72.95			
2016-04-17 08:26	22.937											73.2866			
2016-04-17 08:27	23.375											74.075			
2016-04-17 08:28	23.562											74.4116			
2016-04-17 08:29	23.125											73.625			
2016-04-17 08:30	23.625											74.525			
2016-04-17 08:31	23.375											74.075			
2016-04-17 08:32	23.187											73.7366			
2016-04-17 08:33	23.437											74.1866			
2016-04-17 08:34	23.25											73.85			
2016-04-17 08:35	23.062											73.5116			
2016-04-17 08:36	23.562											74.4116			
2016-04-17 08:37	23.312											73.9616			
2016-04-17 08:38	23.25											73.85			
2016-04-17 08:39	23.5											74.3			
2016-04-17 08:40	24.0											75.2			
2016-04-17 08:41	23.937											75.0866			
2016-04-17 08:42	23.937											75.0866			
2016-04-17 08:43	23.937											75.0866			
2016-04-17 08:44	24.125											75.425			
2016-04-17 08:45	24.5											76.1			
2016-04-17 08:46	24.062											75.3116			
2016-04-17 08:47	24.312											75.7616			
2016-04-17 08:48	23.437											74.1866			
2016-04-17 08:49	23.937											75.0866			
2016-04-17 08:50	24.312											75.7616			
2016-04-17 08:51	24.5											76.1			
2016-04-17 08:52	23.812											74.8616			
2016-04-17 08:53	23.812											74.8616			
2016-04-17 08:54	24.125											75.425			
2016-04-17 08:55	24.062											75.3116			
2016-04-17 08:56	24.062											75.3116			
2016-04-17 08:57	23.75											74.75			
2016-04-17 08:58	24.062											75.3116			
2016-04-17 08:59	24.437											75.9866			
2016-04-17 09:00	23.687											74.6366			
2016-04-17 09:01	24.25											75.65			
2016-04-17 09:02	24.125											75.425			
2016-04-17 09:03	24.125											75.425			
2016-04-17 09:04	24.562											76.2116			
2016-04-17 09:05	23.875											74.975			
2016-04-17 09:06	24.0											75.2			
2016-04-17 09:07	23.75											74.75			
2016-04-17 09:08	23.937											75.0866			
2016-04-17 09:09	23.812											74.8616			
2016-04-17 09:10	23.687											74.6366			
2016-04-17 09:11	23.937											75.0866			
2016-04-17 09:12	24.062											75.3116			
2016-04-17 09:13	24.25											75.65			
2016-04-17 09:14	24.0											75.2			
2016-04-17 09:15	24.25											75.65			
2016-04-17 09:16	24.25											75.65			
2016-04-17 09:17	23.75											74.75			
2016-04-17 09:18	24.062											75.3116			
2016-04-17 09:19	25.0											77.0			
2016-04-17 09:20	24.687											76.4366			
2016-04-17 09:21	24.187											75.5366			
2016-04-17 09:22	24.375											75.875			
2016-04-17 09:23	24.375											75.875			
2016-04-17 09:24	24.25											75.65			
2016-04-17 09:25	24.437											75.9866			
2016-04-17 09:26	24.125											75.425			
2016-04-17 09:27	23.875											74.975			
2016-04-17 09:28	24.25											75.65			
2016-04-17 09:29	24.062											75.3116			
2016-04-17 09:30	24.5											76.1			
2016-04-17 09:31	23.875											74.975			
2016-04-17 09:32	24.437											75.9866			
2016-04-17 09:33	24.625											76.325			
2016-04-17 09:34	24.625											76.325			
2016-04-17 09:35	24.312											75.7616			
2016-04-17 09:36	24.0											75.2			
2016-04-17 09:37	24.937											76.8866			
2016-04-17 09:38	25.125											77.225			
2016-04-17 09:39	25.25											77.45			
2016-04-17 09:40	24.937											76.8866			
2016-04-17 09:41	24.625											76.325			
2016-04-17 09:42	24.687											76.4366			
2016-04-17 09:43	24.937											76.8866			
2016-04-17 09:44	25.25											77.45			
2016-04-17 09:45	24.812											76.6616			
2016-04-17 09:46	25.187											77.3366			
2016-04-17 09:47	25.25											77.45			
2016-04-17 09:48	24.937											76.8866			
2016-04-17 09:49	24.75											76.55			
2016-04-17 09:50	25.312											77.5616			
2016-04-17 09:51	25.125											77.225			
2016-04-17 09:52	25.687											78.2366			
2016-04-17 09:53	24.812											76.6616			
2016-04-17 09:54	25.062											77.1116			
2016-04-17 09:55	25.625											78.125			
2016-04-17 09:56	25.812											78.4616			
2016-04-17 09:57	26.187											79.1366			
2016-04-17 09:58	25.375											77.675			
2016-04-17 09:59	25.5											77.9			
2016-04-17 10:00	25.625											78.125			
2016-04-17 10:01	25.25											77.45			
2016-04-17 10:02	25.125											77.225			
2016-04-17 10:03	25.125											77.225			
2016-04-17 10:04	24.937											76.8866			
2016-04-17 10:05	25.375											77.675			
2016-04-17 10:06	25.25											77.45			
2016-04-17 10:07	25.312											77.5616			
2016-04-17 10:08	25.125											77.225			
2016-04-17 10:09	25.5											77.9			
2016-04-17 10:10	25.812											78.4616			
2016-04-17 10:11	25.562											78.0116			
2016-04-17 10:12	25.0											77.0			
2016-04-17 10:13	24.937											76.8866			
2016-04-17 10:14	24.75											76.55			
2016-04-17 10:15	25.312											77.5616			
2016-04-17 10:16	25.25											77.45			
2016-04-17 10:17	24.687											76.4366			
2016-04-17 10:18	24.562											76.2116			
2016-04-17 10:19	24.812											76.6616			
2016-04-17 10:20	24.687											76.4366			
2016-04-17 10:21	25.0											77.0			
2016-04-17 10:22	25.125											77.225			
2016-04-17 10:23	25.375											77.675			
2016-04-17 10:24	25.312											77.5616			
2016-04-17 10:25	25.187											77.3366			
2016-04-17 10:26	25.625											78.125			
2016-04-17 10:27	25.625											78.125			
2016-04-17 10:28	26.0											78.8			
2016-04-17 10:29	25.562											78.0116			
2016-04-17 10:30	25.562											78.0116			
2016-04-17 10:31	26.125											79.025			
2016-04-17 10:32	25.687											78.2366			
2016-04-17 10:33	25.5											77.9			
2016-04-17 10:34	25.5											77.9			
2016-04-17 10:35	25.25											77.45			
2016-04-17 10:36	25.312											77.5616			
2016-04-17 10:37	25.25											77.45			
2016-04-17 10:38	25.187											77.3366			
2016-04-17 10:39	25.25											77.45			
2016-04-17 10:40	25.687											78.2366			
2016-04-17 10:41	26.125											79.025			
2016-04-17 10:42	26.187											79.1366			
2016-04-17 10:43	26.25											79.25			
2016-04-17 10:44	25.937											78.6866			
2016-04-17 10:45	25.812											78.4616			
2016-04-17 10:46	25.687											78.2366			
2016-04-17 10:47	26.0											78.8			
2016-04-17 10:48	26.0											78.8			
2016-04-17 10:49	25.25											77.45			
2016-04-17 10:50	25.187											77.3366			
2016-04-17 10:51	25.687											78.2366			
2016-04-17 10:52	25.437											77.7866			
2016-04-17 10:53	25.937											78.6866			
2016-04-17 10:54	26.125											79.025			
2016-04-17 10:55	26.312											79.3616			
2016-04-17 10:56	26.375											79.475			
2016-04-17 10:57	26.687											80.0366			
2016-04-17 10:58	26.687											80.0366			
2016-04-17 10:59	26.437											79.5866			
2016-04-17 11:00	26.687											80.0366			
2016-04-17 11:01	26.375											79.475			
2016-04-17 11:02	26.75											80.15			
2016-04-17 11:03	26.5											79.7			
2016-04-17 11:04	26.187											79.1366			
2016-04-17 11:05	26.25											79.25			
2016-04-17 11:06	26.0											78.8			
2016-04-17 11:07	25.312											77.5616			
2016-04-17 11:08	25.5											77.9			
2016-04-17 11:09	25.187											77.3366			
2016-04-17 11:10	26.125											79.025			
2016-04-17 11:11	26.25											79.25			
2016-04-17 11:12	26.437											79.5866			
2016-04-17 11:13	26.312											79.3616			
2016-04-17 11:14	26.062											78.9116			
2016-04-17 11:15	25.687											78.2366			
2016-04-17 11:16	25.75											78.35			
2016-04-17 11:17	26.187											79.1366			
2016-04-17 11:18	26.375											79.475			
2016-04-17 11:19	26.062											78.9116			
2016-04-17 11:20	26.375											79.475			
2016-04-17 11:21	26.625											79.925			
2016-04-17 11:22	26.687											80.0366			
2016-04-17 11:23	26.5											79.7			
2016-04-17 11:24	26.312											79.3616			
2016-04-17 11:25	26.875											80.375			
2016-04-17 11:26	26.375											79.475			
2016-04-17 11:27	26.062											78.9116			
2016-04-17 11:28	26.125											79.025			
2016-04-17 11:29	26.437											79.5866			
2016-04-17 11:30	26.75											80.15			
2016-04-17 11:31	25.625											78.125			
2016-04-17 11:32	25.562											78.0116			
2016-04-17 11:33	25.937											78.6866			
2016-04-17 11:34	25.25											77.45			
2016-04-17 11:35	25.937											78.6866			
2016-04-17 11:36	26.125											79.025			
2016-04-17 11:37	26.062											78.9116			
2016-04-17 11:38	26.375											79.475			
2016-04-17 11:39	26.312											79.3616			
2016-04-17 11:40	26.0											78.8			
2016-04-17 11:41	25.937											78.6866			
2016-04-17 11:42	26.437											79.5866			
2016-04-17 11:43	26.812											80.2616			
2016-04-17 11:44	26.562											79.8116			
2016-04-17 11:45	27.0											80.6			
2016-04-17 11:46	26.687											80.0366			
2016-04-17 11:47	26.687											80.0366			
2016-04-17 11:48	27.0											80.6			
2016-04-17 11:49	26.375											79.475			
2016-04-17 11:50	26.875											80.375			
2016-04-17 11:51	26.687											80.0366			
2016-04-17 11:52	27.062											80.7116			
2016-04-17 11:53	26.875											80.375			
2016-04-17 11:54	26.5											79.7			
2016-04-17 11:55	26.187											79.1366			
2016-04-17 11:56	26.625											79.925			
2016-04-17 11:57	26.812											80.2616			
2016-04-17 11:58	26.312											79.3616			
2016-04-17 11:59	26.5											79.7			
2016-04-17 12:00	26.5											79.7			
2016-04-17 12:01	26.5											79.7			
2016-04-17 12:02	26.812											80.2616			
2016-04-17 12:03	27.062											80.7116			
2016-04-17 12:04	27.062											80.7116			
2016-04-17 12:05	27.312											81.1616			
2016-04-17 12:06	27.125											80.825			
2016-04-17 12:07	26.687											80.0366			
2016-04-17 12:08	26.687											80.0366			
2016-04-17 12:09	27.0											80.6			
2016-04-17 12:10	27.0											80.6			
2016-04-17 12:11	27.437											81.3866			
2016-04-17 12:12	26.812											80.2616			
2016-04-17 12:13	26.312											79.3616			
2016-04-17 12:14	26.187											79.1366			
2016-04-17 12:15	26.562											79.8116			
2016-04-17 12:16	27.375											81.275			
2016-04-17 12:17	27.812											82.0616			
2016-04-17 12:18	26.812											80.2616			
2016-04-17 12:19	26.625											79.925			
2016-04-17 12:20	26.25											79.25			
2016-04-17 12:21	26.562											79.8116			
2016-04-17 12:22	26.312											79.3616			
2016-04-17 12:23	25.812											78.4616			
2016-04-17 12:24	26.0											78.8			
2016-04-17 12:25	26.562											79.8116			
2016-04-17 12:26	26.625											79.925			
2016-04-17 12:27	26.312											79.3616			
2016-04-17 12:28	26.0											78.8			
2016-04-17 12:29	26.562											79.8116			
2016-04-17 12:30	26.437											79.5866			
2016-04-17 12:31	26.75											80.15			
2016-04-17 12:32	26.875											80.375			
2016-04-17 12:33	26.562											79.8116			
2016-04-17 12:34	26.375											79.475			
2016-04-17 12:35	25.875											78.575			
2016-04-17 12:36	26.312											79.3616			
2016-04-17 12:37	26.75											80.15			
2016-04-17 12:38	26.875											80.375			
2016-04-17 12:39	26.25											79.25			
2016-04-17 12:40	26.812											80.2616			
2016-04-17 12:41	26.687											80.0366			
2016-04-17 12:42	26.812											80.2616			
2016-04-17 12:43	26.562											79.8116			
2016-04-17 12:44	26.562											79.8116			
2016-04-17 12:45	26.375											79.475			
2016-04-17 12:46	26.312											79.3616			
2016-04-17 12:47	26.062											78.9116			
2016-04-17 12:48	26.187											79.1366			
2016-04-17 12:49	26.437											79.5866			
2016-04-17 12:50	26.75											80.15			
2016-04-17 12:51	26.875											80.375			
2016-04-17 12:52	26.375											79.475			
2016-04-17 12:53	26.187											79.1366			
2016-04-17 12:54	26.375											79.475			
2016-04-17 12:55	26.5											79.7			
2016-04-17 12:56	27.062											80.7116			
2016-04-17 12:57	26.687											80.0366			
2016-04-17 12:58	26.687											80.0366			
2016-04-17 12:59	26.812											80.2616			
2016-04-17 13:00	26.812											80.2616			
2016-04-17 13:01	26.25											79.25			
2016-04-17 13:02	26.312											79.3616			
2016-04-17 13:03	26.437											79.5866			
2016-04-17 13:04	26.375											79.475			
2016-04-17 13:05	26.5											79.7			
2016-04-17 13:06	26.312											79.3616			
2016-04-17 13:07	26.5											79.7			
2016-04-17 13:08	26.687											80.0366			
2016-04-17 13:09	26.562											79.8116			
2016-04-17 13:10	26.437											79.5866			
2016-04-17 13:11	26.437											79.5866			
2016-04-17 13:12	26.375											79.475			
2016-04-17 13:13	26.562											79.8116			
2016-04-17 13:14	26.562											79.8116			
2016-04-17 13:15	26.562											79.8116			
2016-04-17 13:16	26.75											80.15			
2016-04-17 13:17	27.0											80.6			
2016-04-17 13:18	26.75											80.15			
2016-04-17 13:19	27.125											80.825			
2016-04-17 13:20	26.5											79.7			
2016-04-17 13:21	26.937											80.4866			
2016-04-17 13:22	26.625											79.925			
2016-04-17 13:23	26.5											79.7			
2016-04-17 13:24	26.625											79.925			
2016-04-17 13:25	27.0											80.6			
2016-04-17 13:26	27.062											80.7116			
2016-04-17 13:27	26.937											80.4866			
2016-04-17 13:28	27.125											80.825			
2016-04-17 13:29	26.75											80.15			
2016-04-17 13:30	26.375											79.475			
2016-04-17 13:31	26.25											79.25			
2016-04-17 13:32	26.75											80.15			
2016-04-17 13:33	26.562											79.8116			
2016-04-17 13:34	26.312											79.3616			
2016-04-17 13:35	26.75											80.15			
2016-04-17 13:36	26.812											80.2616			
2016-04-17 13:37	27.062											80.7116			
2016-04-17 13:38	26.625											79.925			
2016-04-17 13:39	26.687											80.0366			
2016-04-17 13:40	26.812											80.2616			
2016-04-17 13:41	26.812											80.2616			
2016-04-17 13:42	27.312											81.1616			
2016-04-17 13:43	26.687											80.0366			
2016-04-17 13:44	27.187											80.9366			
2016-04-17 13:45	27.312											81.1616			
2016-04-17 13:46	27.125											80.825			
2016-04-17 13:47	26.875											80.375			
2016-04-17 13:48	27.125											80.825			
2016-04-17 13:49	27.312											81.1616			
2016-04-17 13:50	27.562											81.6116			
2016-04-17 13:51	27.125											80.825			
2016-04-17 13:52	27.375											81.275			
2016-04-17 13:53	27.375											81.275			
2016-04-17 13:54	27.437											81.3866			
2016-04-17 13:55	26.937											80.4866			
2016-04-17 13:56	27.0											80.6			
2016-04-17 13:57	27.437											81.3866			
2016-04-17 13:58	27.5											81.5			
2016-04-17 13:59	27.312											81.1616			
2016-04-17 14:00	26.937											80.4866			
2016-04-17 14:01	26.875											80.375			
2016-04-17 14:02	27.187											80.9366			
2016-04-17 14:03	27.187											80.9366			
2016-04-17 14:04	27.062											80.7116			
2016-04-17 14:05	27.125											80.825			
2016-04-17 14:06	26.937											80.4866			
2016-04-17 14:07	26.937											80.4866			
2016-04-17 14:08	26.562											79.8116			
2016-04-17 14:09	27.25											81.05			
2016-04-17 14:10	27.187											80.9366			
2016-04-17 14:11	27.562											81.6116			
2016-04-17 14:12	27.062											80.7116			
2016-04-17 14:13	27.687											81.8366			
2016-04-17 14:14	27.062											80.7116			
2016-04-17 14:15	27.437											81.3866			
2016-04-17 14:16	27.687											81.8366			
2016-04-17 14:17	27.375											81.275			
2016-04-17 14:18	27.062											80.7116			
2016-04-17 14:19	27.125											80.825			
2016-04-17 14:20	26.937											80.4866			
2016-04-17 14:21	27.25											81.05			
2016-04-17 14:22	27.312											81.1616			
2016-04-17 14:23	27.375											81.275			
2016-04-17 14:24	27.187											80.9366			
2016-04-17 14:25	27.562											81.6116			
2016-04-17 14:26	27.375											81.275			
2016-04-17 14:27	27.5											81.5			
2016-04-17 14:28	27.687											81.8366			
2016-04-17 14:29	27.437											81.3866			
2016-04-17 14:30	27.625											81.725			
2016-04-17 14:31	27.937											82.2866			
2016-04-17 14:32	27.5											81.5			
2016-04-17 14:33	27.187											80.9366			
2016-04-17 14:34	27.375											81.275			
2016-04-17 14:35	27.562											81.6116			
2016-04-17 14:36	27.562											81.6116			
2016-04-17 14:37	27.25											81.05			
2016-04-17 14:38	27.562											81.6116			
2016-04-17 14:39	27.437											81.3866			
2016-04-17 14:40	27.437											81.3866			
2016-04-17 14:41	27.187											80.9366			
2016-04-17 14:42	27.625											81.725			
2016-04-17 14:43	27.125											80.825			
2016-04-17 14:44	27.25											81.05			
2016-04-17 14:45	27.375											81.275			
2016-04-17 14:46	27.5											81.5			
2016-04-17 14:47	27.375											81.275			
2016-04-17 14:48	27.75											81.95			
2016-04-17 14:49	27.437											81.3866			
2016-04-17 14:50	27.25											81.05			
2016-04-17 14:51	27.312											81.1616			
2016-04-17 14:52	27.687											81.8366			
2016-04-17 14:53	27.812											82.0616			
2016-04-17 14:54	27.75											81.95			
2016-04-17 14:55	27.937											82.2866			
2016-04-17 14:56	27.562											81.6116			
2016-04-17 14:57	27.562											81.6116			
2016-04-17 14:58	27.625											81.725			
2016-04-17 14:59	27.562											81.6116			
2016-04-17 15:00	27.562											81.6116			
2016-04-17 15:01	27.75											81.95			
2016-04-17 15:02	27.937											82.2866			
2016-04-17 15:03	27.625											81.725			
2016-04-17 15:04	27.812											82.0616			
2016-04-17 15:05	27.687											81.8366			
2016-04-17 15:06	27.562											81.6116			
2016-04-17 15:07	27.312											81.1616			
2016-04-17 15:08	27.5											81.5			
2016-04-17 15:09	27.625											81.725			
2016-04-17 15:10	27.25											81.05			
2016-04-17 15:11	27.562											81.6116			
2016-04-17 15:12	27.75											81.95			
2016-04-17 15:13	27.375											81.275			
2016-04-17 15:14	27.25											81.05			
2016-04-17 15:15	27.687											81.8366			
2016-04-17 15:16	27.25											81.05			
2016-04-17 15:17	27.562											81.6116			
2016-04-17 15:18	27.437											81.3866			
2016-04-17 15:19	27.625											81.725			
2016-04-17 15:20	27.812											82.0616			
2016-04-17 15:21	27.187											80.9366			
2016-04-17 15:22	27.687											81.8366			
2016-04-17 15:23	28.062											82.5116			
2016-04-17 15:24	28.187											82.7366			
2016-04-17 15:25	27.937											82.2866			
2016-04-17 15:26	27.75											81.95			
2016-04-17 15:27	27.562											81.6116			
2016-04-17 15:28	27.75											81.95			
2016-04-17 15:29	27.875											82.175			
2016-04-17 15:30	27.625											81.725			
2016-04-17 15:31	27.437											81.3866			
2016-04-17 15:32	27.437											81.3866			
2016-04-17 15:33	27.562											81.6116			
2016-04-17 15:34	28.0											82.4			
2016-04-17 15:35	27.687											81.8366			
2016-04-17 15:36	27.625											81.725			
2016-04-17 15:37	27.687											81.8366			
2016-04-17 15:38	27.937											82.2866			
2016-04-17 15:39	28.187											82.7366			
2016-04-17 15:40	28.25											82.85			
2016-04-17 15:41	27.812											82.0616			
2016-04-17 15:42	27.937											82.2866			
2016-04-17 15:43	28.125											82.625			
2016-04-17 15:44	28.312											82.9616			
2016-04-17 15:45	27.937											82.2866			
2016-04-17 15:46	28.062											82.5116			
2016-04-17 15:47	27.812											82.0616			
2016-04-17 15:48	27.75											81.95			
2016-04-17 15:49	28.187											82.7366			
2016-04-17 15:50	28.562											83.4116			
2016-04-17 15:51	28.312											82.9616			
2016-04-17 15:52	27.75											81.95			
2016-04-17 15:53	27.937											82.2866			
2016-04-17 15:54	27.5											81.5			
2016-04-17 15:55	27.687											81.8366			
2016-04-17 15:56	27.625											81.725			
2016-04-17 15:57	28.0											82.4			
2016-04-17 15:58	27.437											81.3866			
2016-04-17 15:59	27.812											82.0616			
2016-04-17 16:00	27.937											82.2866			
2016-04-17 16:01	28.25											82.85			
2016-04-17 16:02	28.125											82.625			
2016-04-17 16:03	27.812											82.0616			
2016-04-17 16:04	28.062											82.5116			
2016-04-17 16:05	27.812											82.0616			
2016-04-17 16:06	27.625											81.725			
2016-04-17 16:07	27.875											82.175			
2016-04-17 16:08	27.875											82.175			
2016-04-17 16:09	28.0											82.4			
2016-04-17 16:10	28.0											82.4			
2016-04-17 16:11	28.0											82.4			
2016-04-17 16:12	28.375											83.075			
2016-04-17 16:13	28.125											82.625			
2016-04-17 16:14	28.062											82.5116			
2016-04-17 16:15	28.312											82.9616			
2016-04-17 16:16	28.062											82.5116			
2016-04-17 16:17	27.875											82.175			
2016-04-17 16:18	27.75											81.95			
2016-04-17 16:19	27.687											81.8366			
2016-04-17 16:20	27.687											81.8366			
2016-04-17 16:21	27.812											82.0616			
2016-04-17 16:22	27.75											81.95			
2016-04-17 16:23	27.562											81.6116			
2016-04-17 16:24	27.375											81.275			
2016-04-17 16:25	27.5											81.5			
2016-04-17 16:26	27.812											82.0616			
2016-04-17 16:27	27.5											81.5			
2016-04-17 16:28	27.75											81.95			
2016-04-17 16:29	27.812											82.0616			
2016-04-17 16:30	27.687											81.8366			
2016-04-17 16:31	27.875											82.175			
2016-04-17 16:32	27.937											82.2866			
2016-04-17 16:33	27.75											81.95			
2016-04-17 16:34	27.75											81.95			
2016-04-17 16:35	27.75											81.95			
2016-04-17 16:36	27.5											81.5			
2016-04-17 16:37	27.812											82.0616			
2016-04-17 16:38	27.812											82.0616			
2016-04-17 16:39	27.5											81.5			
2016-04-17 16:40	27.625											81.725			
2016-04-17 16:41	27.437											81.3866			
2016-04-17 16:42	27.812											82.0616			
2016-04-17 16:43	27.625											81.725			
2016-04-17 16:44	27.687											81.8366			
2016-04-17 16:45	27.687											81.8366			
2016-04-17 16:46	27.312											81.1616			
2016-04-17 16:47	27.625											81.725			
2016-04-17 16:48	27.375											81.275			
2016-04-17 16:49	27.5											81.5			
2016-04-17 16:50	27.312											81.1616			
2016-04-17 16:51	27.625											81.725			
2016-04-17 16:52	27.5											81.5			
2016-04-17 16:53	27.625											81.725			
2016-04-17 16:54	27.437											81.3866			
2016-04-17 16:55	27.625											81.725			
2016-04-17 16:56	27.562											81.6116			
2016-04-17 16:57	27.562											81.6116			
2016-04-17 16:58	27.25											81.05			
2016-04-17 16:59	27.312											81.1616			
2016-04-17 17:00	27.375											81.275			
2016-04-17 17:01	27.5											81.5			
2016-04-17 17:02	27.187											80.9366			
2016-04-17 17:03	27.375											81.275			
2016-04-17 17:04	27.375											81.275			
2016-04-17 17:05	27.25											81.05			
2016-04-17 17:06	26.812											80.2616			
2016-04-17 17:07	27.0											80.6			
2016-04-17 17:08	27.0											80.6			
2016-04-17 17:09	26.937											80.4866			
2016-04-17 17:10	26.875											80.375			
2016-04-17 17:11	27.187											80.9366			
2016-04-17 17:12	27.125											80.825			
2016-04-17 17:13	26.937											80.4866			
2016-04-17 17:14	27.0											80.6			
2016-04-17 17:15	27.187											80.9366			
2016-04-17 17:16	27.437											81.3866			
2016-04-17 17:17	27.187											80.9366			
2016-04-17 17:18	27.25											81.05			
2016-04-17 17:19	27.187											80.9366			
2016-04-17 17:20	27.187											80.9366			
2016-04-17 17:21	27.25											81.05			
2016-04-17 17:22	27.312											81.1616			
2016-04-17 17:23	27.437											81.3866			
2016-04-17 17:24	27.375											81.275			
2016-04-17 17:25	27.187											80.9366			
2016-04-17 17:26	26.937											80.4866			
2016-04-17 17:27	26.625											79.925			
2016-04-17 17:28	26.812											80.2616			
2016-04-17 17:29	26.875											80.375			
2016-04-17 17:30	26.937											80.4866			
2016-04-17 17:31	27.375											81.275			
2016-04-17 17:32	27.437											81.3866			
2016-04-17 17:33	27.5											81.5			
2016-04-17 17:34	27.375											81.275			
2016-04-17 17:35	27.5											81.5			
2016-04-17 17:36	27.375											81.275			
2016-04-17 17:37	27.437											81.3866			
2016-04-17 17:38	27.312											81.1616			
2016-04-17 17:39	27.25											81.05			
2016-04-17 17:40	27.25											81.05			
2016-04-17 17:41	27.062											80.7116			
2016-04-17 17:42	27.187											80.9366			
2016-04-17 17:43	26.937											80.4866			
2016-04-17 17:44	27.0											80.6			
2016-04-17 17:45	26.625											79.925			
2016-04-17 17:46	26.75											80.15			
2016-04-17 17:47	26.875											80.375			
2016-04-17 17:48	27.0											80.6			
2016-04-17 17:49	26.937											80.4866			
2016-04-17 17:50	27.0											80.6			
2016-04-17 17:51	26.687											80.0366			
2016-04-17 17:52	26.687											80.0366			
2016-04-17 17:53	26.437											79.5866			
2016-04-17 17:54	26.312											79.3616			
2016-04-17 17:55	26.25											79.25			
2016-04-17 17:56	26.125											79.025			
2016-04-17 17:57	26.312											79.3616			
2016-04-17 17:58	26.062											78.9116			
2016-04-17 17:59	26.125											79.025			
2016-04-17 18:00	26.0											78.8			
2016-04-17 18:01	25.937											78.6866			
2016-04-17 18:02	25.75											78.35			
2016-04-17 18:03	25.687											78.2366			
2016-04-17 18:04	25.625											78.125			
2016-04-17 18:05	25.562											78.0116			
2016-04-17 18:06	25.5											77.9			
2016-04-17 18:07	25.375											77.675			
2016-04-17 18:08	25.437											77.7866			
2016-04-17 18:09	25.625											78.125			
2016-04-17 18:10	25.562											78.0116			
2016-04-17 18:11	25.5											77.9			
2016-04-17 18:12	25.312											77.5616			
2016-04-17 18:13	25.312											77.5616			
2016-04-17 18:14	25.25											77.45			
2016-04-17 18:15	25.437											77.7866			
2016-04-17 18:16	25.375											77.675			
2016-04-17 18:17	25.25											77.45			
2016-04-17 18:18	25.187											77.3366			
2016-04-17 18:19	25.0											77.0			
2016-04-17 18:20	25.0											77.0			
2016-04-17 18:21	25.0											77.0			
2016-04-17 18:22	25.0											77.0			
2016-04-17 18:23	25.0											77.0			
2016-04-17 18:24	24.937											76.8866			
2016-04-17 18:25	24.875											76.775			
2016-04-17 18:26	24.875											76.775			
2016-04-17 18:27	24.937											76.8866			
2016-04-17 18:28	24.875											76.775			
2016-04-17 18:29	24.937											76.8866			
2016-04-17 18:30	25.062											77.1116			
2016-04-17 18:31	24.875											76.775			
2016-04-17 18:32	24.812											76.6616			
2016-04-17 18:33	25.0											77.0			
2016-04-17 18:34	25.125											77.225			
2016-04-17 18:35	25.062											77.1116			
2016-04-17 18:36	25.0											77.0			
2016-04-17 18:37	24.937											76.8866			
2016-04-17 18:38	24.687											76.4366			
2016-04-17 18:39	24.562											76.2116			
2016-04-17 18:40	24.437											75.9866			
2016-04-17 18:41	24.562											76.2116			
2016-04-17 18:42	24.437											75.9866			
2016-04-17 18:43	24.375											75.875			
2016-04-17 18:44	24.437											75.9866			
2016-04-17 18:45	24.375											75.875			
2016-04-17 18:46	24.5											76.1			
2016-04-17 18:47	24.312											75.7616			
2016-04-17 18:48	24.437											75.9866			
2016-04-17 18:49	24.437											75.9866			
2016-04-17 18:50	24.25											75.65			
2016-04-17 18:51	24.25											75.65			
2016-04-17 18:52	24.25											75.65			
2016-04-17 18:53	24.187											75.5366			
2016-04-17 18:54	24.25											75.65			
2016-04-17 18:55	24.25											75.65			
2016-04-17 18:56	24.125											75.425			
2016-04-17 18:57	24.062											75.3116			
2016-04-17 18:58	24.062											75.3116			
2016-04-17 18:59	24.0											75.2			
2016-04-17 19:00	24.0											75.2			
2016-04-17 19:01	23.875											74.975			
2016-04-17 19:02	24.0											75.2			
2016-04-17 19:03	23.937											75.0866			
2016-04-17 19:04	23.75											74.75			
2016-04-17 19:05	23.687											74.6366			
2016-04-17 19:06	23.5											74.3			
2016-04-17 19:07	23.625											74.525			
2016-04-17 19:08	23.562											74.4116			
2016-04-17 19:09	23.5											74.3			
2016-04-17 19:10	23.625											74.525			
2016-04-17 19:11	23.562											74.4116			
2016-04-17 19:12	23.562											74.4116			
2016-04-17 19:13	23.5											74.3			
2016-04-17 19:14	23.437											74.1866			
2016-04-17 19:15	23.5											74.3			
2016-04-17 19:16	23.375											74.075			
2016-04-17 19:17	23.5											74.3			
2016-04-17 19:18	23.437											74.1866			
2016-04-17 19:19	23.375											74.075			
2016-04-17 19:20	23.25											73.85			
2016-04-17 19:21	23.25											73.85			
2016-04-17 19:22	23.312											73.9616			
2016-04-17 19:23	23.25											73.85			
2016-04-17 19:24	23.312											73.9616			
2016-04-17 19:25	23.312											73.9616			
2016-04-17 19:26	23.437											74.1866			
2016-04-17 19:27	23.437											74.1866			
2016-04-17 19:28	23.5											74.3			
2016-04-17 19:29	23.5											74.3			
2016-04-17 19:30	23.437											74.1866			
2016-04-17 19:31	23.562											74.4116			
2016-04-17 19:32	23.687											74.6366			
2016-04-17 19:33	23.687											74.6366			
2016-04-17 19:34	23.625											74.525			
2016-04-17 19:35	23.687											74.6366			
2016-04-17 19:36	23.5											74.3			
2016-04-17 19:37	23.5											74.3			
2016-04-17 19:38	23.312											73.9616			
2016-04-17 19:39	23.375											74.075			
2016-04-17 19:40	23.375											74.075			
2016-04-17 19:41	23.25											73.85			
2016-04-17 19:42	23.25											73.85			
2016-04-17 19:43	23.25											73.85			
2016-04-17 19:44	23.312											73.9616			
2016-04-17 19:45	23.312											73.9616			
2016-04-17 19:46	23.375											74.075			
2016-04-17 19:47	23.312											73.9616			
2016-04-17 19:48	23.25											73.85			
2016-04-17 19:49	23.25											73.85			
2016-04-17 19:50	23.187											73.7366			
2016-04-17 19:51	23.125											73.625			
2016-04-17 19:52	23.25											73.85			
2016-04-17 19:53	23.312											73.9616			
2016-04-17 19:54	23.25											73.85			
2016-04-17 19:55	23.0											73.4			
2016-04-17 19:56	23.125											73.625			
2016-04-17 19:57	23.0											73.4			
2016-04-17 19:58	22.875											73.175			
2016-04-17 19:59	22.937											73.2866			
2016-04-17 20:00	23.0											73.4			
2016-04-17 20:01	22.875											73.175			
2016-04-17 20:02	22.812											73.0616			
2016-04-17 20:03	22.75											72.95			
2016-04-17 20:04	22.75											72.95			
2016-04-17 20:05	22.75											72.95			
2016-04-17 20:06	22.812											73.0616			
2016-04-17 20:07	22.75											72.95			
2016-04-17 20:08	22.812											73.0616			
2016-04-17 20:09	22.812											73.0616			
2016-04-17 20:10	22.812											73.0616			
2016-04-17 20:11	22.937											73.2866			
2016-04-17 20:12	22.75											72.95			
2016-04-17 20:13	22.812											73.0616			
2016-04-17 20:14	22.75											72.95			
2016-04-17 20:15	22.625											72.725			
2016-04-17 20:16	22.5											72.5			
2016-04-17 20:17	22.562											72.6116			
2016-04-17 20:18	22.375											72.275			
2016-04-17 20:19	22.375											72.275			
2016-04-17 20:20	22.375											72.275			
2016-04-17 20:21	22.25											72.05			
2016-04-17 20:22	22.312											72.1616			
2016-04-17 20:23	22.125											71.825			
2016-04-17 20:24	22.062											71.7116			
2016-04-17 20:25	22.125											71.825			
2016-04-17 20:26	22.187											71.9366			
2016-04-17 20:27	22.0											71.6			
2016-04-17 20:28	22.0											71.6			
2016-04-17 20:29	22.187											71.9366			
2016-04-17 20:30	22.062											71.7116			
2016-04-17 20:31	22.125											71.825			
2016-04-17 20:32	22.0											71.6			
2016-04-17 20:33	21.937											71.4866			
2016-04-17 20:34	22.062											71.7116			
2016-04-17 20:35	22.0											71.6			
2016-04-17 20:36	22.125											71.825			
2016-04-17 20:37	22.25											72.05			
2016-04-17 20:38	22.125											71.825			
2016-04-17 20:39	22.0											71.6			
2016-04-17 20:40	22.062											71.7116			
2016-04-17 20:41	21.875											71.375			
2016-04-17 20:42	22.0											71.6			
2016-04-17 20:43	22.0											71.6			
2016-04-17 20:44	22.0											71.6			
2016-04-17 20:45	22.125											71.825			
2016-04-17 20:46	22.062											71.7116			
2016-04-17 20:47	22.125											71.825			
2016-04-17 20:48	22.0											71.6			
2016-04-17 20:49	22.062											71.7116			
2016-04-17 20:50	22.125											71.825			
2016-04-17 20:51	22.187											71.9366			
2016-04-17 20:52	22.312											72.1616			
2016-04-17 20:53	22.312											72.1616			
2016-04-17 20:54	22.312											72.1616			
2016-04-17 20:55	22.187											71.9366			
2016-04-17 20:56	22.187											71.9366			
2016-04-17 20:57	22.062											71.7116			
2016-04-17 20:58	22.0											71.6			
2016-04-17 20:59	22.062											71.7116			
2016-04-17 21:00	22.062											71.7116			
2016-04-17 21:01	22.187											71.9366			
2016-04-17 21:02	22.25											72.05			
2016-04-17 21:03	22.375											72.275			
2016-04-17 21:04	22.437											72.3866			
2016-04-17 21:05	22.437											72.3866			
2016-04-17 21:06	22.375											72.275			
2016-04-17 21:07	22.25											72.05			
2016-04-17 21:08	22.125											71.825			
2016-04-17 21:09	22.312											72.1616			
2016-04-17 21:10	22.375											72.275			
2016-04-17 21:11	22.312											72.1616			
2016-04-17 21:12	22.25											72.05			
2016-04-17 21:13	22.187											71.9366			
2016-04-17 21:14	22.312											72.1616			
2016-04-17 21:15	22.312											72.1616			
2016-04-17 21:16	22.312											72.1616			
2016-04-17 21:17	22.187											71.9366			
2016-04-17 21:18	22.125											71.825			
2016-04-17 21:19	22.187											71.9366			
2016-04-17 21:20	22.187											71.9366			
2016-04-17 21:21	22.062											71.7116			
2016-04-17 21:22	22.187											71.9366			
2016-04-17 21:23	22.062											71.7116			
2016-04-17 21:24	22.0											71.6			
2016-04-17 21:25	21.875											71.375			
2016-04-17 21:26	22.0											71.6			
2016-04-17 21:27	22.062											71.7116			
2016-04-17 21:28	22.187											71.9366			
2016-04-17 21:29	22.125											71.825			
2016-04-17 21:30	21.937											71.4866			
2016-04-17 21:31	22.0											71.6			
2016-04-17 21:32	21.937											71.4866			
2016-04-17 21:33	21.937											71.4866			
2016-04-17 21:34	22.062											71.7116			
2016-04-17 21:35	22.062											71.7116			
2016-04-17 21:36	21.937											71.4866			
2016-04-17 21:37	21.937											71.4866			
2016-04-17 21:38	21.937											71.4866			
2016-04-17 21:39	21.937											71.4866			
2016-04-17 21:40	22.0											71.6			
2016-04-17 21:41	21.937											71.4866			
2016-04-17 21:42	21.875											71.375			
2016-04-17 21:43	21.812											71.2616			
2016-04-17 21:44	21.812											71.2616			
2016-04-17 21:45	21.812											71.2616			
2016-04-17 21:46	21.875											71.375			
2016-04-17 21:47	21.875											71.375			
2016-04-17 21:48	21.812											71.2616			
2016-04-17 21:49	21.75											71.15			
2016-04-17 21:50	21.75											71.15			
2016-04-17 21:51	21.75											71.15			
2016-04-17 21:52	21.687											71.0366			
2016-04-17 21:53	21.687											71.0366			
2016-04-17 21:54	21.75											71.15			
2016-04-17 21:55	21.625											70.925			
2016-04-17 21:56	21.625											70.925			
2016-04-17 21:57	21.5											70.7			
2016-04-17 21:58	21.5											70.7			
2016-04-17 21:59	21.5											70.7			
2016-04-17 22:00	21.437											70.5866			
2016-04-17 22:01	21.5											70.7			
2016-04-17 22:02	21.375											70.475			
2016-04-17 22:03	21.375											70.475			
2016-04-17 22:04	21.25											70.25			
2016-04-17 22:05	21.312											70.3616			
2016-04-17 22:06	21.312											70.3616			
2016-04-17 22:07	21.5											70.7			
2016-04-17 22:08	21.437											70.5866			
2016-04-17 22:09	21.437											70.5866			
2016-04-17 22:10	21.437											70.5866			
2016-04-17 22:11	21.437											70.5866			
2016-04-17 22:12	21.375											70.475			
2016-04-17 22:13	21.375											70.475			
2016-04-17 22:14	21.437											70.5866			
2016-04-17 22:15	21.5											70.7			
2016-04-17 22:16	21.562											70.8116			
2016-04-17 22:17	21.5											70.7			
2016-04-17 22:18	21.562											70.8116			
2016-04-17 22:19	21.5											70.7			
2016-04-17 22:20	21.5											70.7			
2016-04-17 22:21	21.437											70.5866			
2016-04-17 22:22	21.437											70.5866			
2016-04-17 22:23	21.437											70.5866			
2016-04-17 22:24	21.5											70.7			
2016-04-17 22:25	21.5											70.7			
2016-04-17 22:26	21.437											70.5866			
2016-04-17 22:27	21.437											70.5866			
2016-04-17 22:28	21.375											70.475			
2016-04-17 22:29	21.312											70.3616			
2016-04-17 22:30	21.25											70.25			
2016-04-17 22:31	21.062											69.9116			
2016-04-17 22:32	21.062											69.9116			
2016-04-17 22:33	21.0											69.8			
2016-04-17 22:34	21.0											69.8			
2016-04-17 22:35	21.062											69.9116			
2016-04-17 22:36	21.062											69.9116			
2016-04-17 22:37	21.25											70.25			
2016-04-17 22:38	21.125											70.025			
2016-04-17 22:39	21.062											69.9116			
2016-04-17 22:40	21.062											69.9116			
2016-04-17 22:41	21.0											69.8			
2016-04-17 22:42	20.937											69.6866			
2016-04-17 22:43	20.812											69.4616			
2016-04-17 22:44	20.937											69.6866			
2016-04-17 22:45	21.0											69.8			
2016-04-17 22:46	21.187											70.1366			
2016-04-17 22:47	21.125											70.025			
2016-04-17 22:48	21.0											69.8			
2016-04-17 22:49	21.0											69.8			
2016-04-17 22:50	21.187											70.1366			
2016-04-17 22:51	21.375											70.475			
2016-04-17 22:52	21.25											70.25			
2016-04-17 22:53	21.125											70.025			
2016-04-17 22:54	21.125											70.025			
2016-04-17 22:55	21.125											70.025			
2016-04-17 22:56	21.125											70.025			
2016-04-17 22:57	20.875											69.575			
2016-04-17 22:58	20.875											69.575			
2016-04-17 22:59	20.75											69.35			
2016-04-17 23:00	20.687											69.2366			
2016-04-17 23:01	20.562											69.0116			
2016-04-17 23:02	20.375											68.675			
2016-04-17 23:03	20.375											68.675			
2016-04-17 23:04	20.25											68.45			
2016-04-17 23:05	20.187											68.3366			
2016-04-17 23:06	20.125											68.225			
2016-04-17 23:07	20.062											68.1116			
2016-04-17 23:08	20.0											68.0			
2016-04-17 23:09	20.0											68.0			
2016-04-17 23:10	20.0											68.0			
2016-04-17 23:11	19.937											67.8866			
2016-04-17 23:12	19.937											67.8866			
2016-04-17 23:13	19.875											67.775			
2016-04-17 23:14	19.812											67.6616			
2016-04-17 23:15	19.75											67.55			
2016-04-17 23:16	19.812											67.6616			
2016-04-17 23:17	19.812											67.6616			
2016-04-17 23:18	19.812											67.6616			
2016-04-17 23:19	19.75											67.55			
2016-04-17 23:20	19.75											67.55			
2016-04-17 23:21	19.687											67.4366			
2016-04-17 23:22	19.5											67.1			
2016-04-17 23:23	19.437											66.9866			
2016-04-17 23:24	19.437											66.9866			
2016-04-17 23:25	19.375											66.875			
2016-04-17 23:26	19.25											66.65			
2016-04-17 23:27	19.062											66.3116			
2016-04-17 23:28	19.062											66.3116			
2016-04-17 23:29	18.937											66.0866			
2016-04-17 23:30	18.937											66.0866			
2016-04-17 23:31	18.937											66.0866			
2016-04-17 23:32	18.812											65.8616			
2016-04-17 23:33	18.812											65.8616			
2016-04-17 23:34	18.812											65.8616			
2016-04-17 23:35	18.812											65.8616			
2016-04-17 23:36	18.875											65.975			
2016-04-17 23:37	18.875											65.975			
2016-04-17 23:38	18.687											65.6366			
2016-04-17 23:39	18.687											65.6366			
2016-04-17 23:40	18.625											65.525			
2016-04-17 23:41	18.625											65.525			
2016-04-17 23:42	18.625											65.525			
2016-04-17 23:43	18.625											65.525			
2016-04-17 23:44	18.625											65.525			
2016-04-17 23:45	18.625											65.525			
2016-04-17 23:46	18.5											65.3			
2016-04-17 23:47	18.562											65.4116			
2016-04-17 23:48	18.5											65.3			
2016-04-17 23:49	18.437											65.1866			
2016-04-17 23:50	18.375											65.075			
2016-04-17 23:51	18.375											65.075			
2016-04-17 23:52	18.375											65.075			
2016-04-17 23:53	18.375											65.075			
2016-04-17 23:54	18.187											64.7366			
2016-04-17 23:55	18.187											64.7366			
2016-04-17 23:56	18.125											64.625			
2016-04-17 23:57	17.937											64.2866			
2016-04-17 23:58	17.937											64.2866			
2016-04-17 23:59	17.875											64.175			
